<?xml version="1.0" encoding="utf-8"?>
<odoo>
    <data noupdate="1">
        <record id="ir_cron_dispatch_timeout" model="ir.cron">
            <field name="name">Delivery Dispatch: Process Timeouts</field>
            <field name="model_id" ref="smart_delivery.model_delivery_order"/>
            <field name="state">code</field>
            <field name="code">model.process_dispatch_timeout()</field>
            <field name="interval_number">1</field>
            <field name="interval_type">minutes</field>
        </record>
    </data>
</odoo>
